{
  "project_info": {
    "project_number": "465374917438",
    "firebase_url": "https://auto-escola-anjos.firebaseio.com",
    "project_id": "auto-escola-anjos",
    "storage_bucket": "auto-escola-anjos.appspot.com"
  },
  "client": [
    {
      "client_info": {
        "mobilesdk_app_id": "1:465374917438:android:c8db51549ed33fd006b26f",
        "android_client_info": {
          "package_name": "com.example.tcc"
        }
      },
      "oauth_client": [
        {
          "client_id": "465374917438-92umgf9hid504fh274ihjjg9fk596mfa.apps.googleusercontent.com",
          "client_type": 1,
          "android_info": {
            "package_name": "com.example.tcc",
            "certificate_hash": "40cb27de7fe1ce4edfa326f7b6bcdcba4b070cf6"
          }
        },
        {
          "client_id": "465374917438-nr8vmicis8e7m1rvdbrjvh6fbpqa79qq.apps.googleusercontent.com",
          "client_type": 3
        }
      ],
      "api_key": [
        {
          "current_key": "AIzaSyB273tYeQz3QKKjFTXKQX4Eawop8n7Csng"
        }
      ],
      "services": {
        "appinvite_service": {
          "other_platform_oauth_client": [
            {
              "client_id": "465374917438-nr8vmicis8e7m1rvdbrjvh6fbpqa79qq.apps.googleusercontent.com",
              "client_type": 3
            }
          ]
        }
      }
    }
  ],
  "configuration_version": "1"
}